charge,mass,x,y,z,vx,vy,vz
1,22.99,0.2470161945223924,0.4439220900780373,0.3408515947681789,-7715879.742111164,-4947025.991421761,33839256.785713725
