charge,mass,x,y,z,vx,vy,vz
1,22.99,5.420394125130111,6.182018791062099,3.2674638284213247,-2.371864394671573e-05,1.3494794840842748e-06,3.35401344439427e-07
-1,35.453,7.545799821709533,6.075560937957487,3.216638143705377,1.5380658268072814e-05,-8.75087783680079e-07,-2.1750057055586046e-07
