iter,K,V_notelec
0,1.8082691827477952,0.2316411790056933
