iter,T
0,269.40132294652886
1,266.3788869921319
2,263.26474900937626
3,260.065165199707
4,256.7866955694615
5,253.43619164599403
6,250.02078145283662
7,246.54784885583592
8,243.02502483055747
9,239.46017010726112
10,235.86135241587374
11,232.23682827874285
12,228.59502398883077
13,224.94450899163806
14,221.2939752210882
15,217.65221300545457
16,214.02808288466517
17,210.43049325975173
18,206.86837324012347
19,203.3506426960885
