iter,T
0,678.0850343994362
1,674.1532965595732
2,669.988208689604
3,665.5997967202698
4,660.9985358431682
5,656.1953126910487
6,651.201409173941
7,646.0285002377229
8,640.6886052760926
9,635.1938931319812
10,629.5569599398789
11,623.7910956114504
12,617.9095361373037
13,611.9252528332619
14,605.851129551314
15,599.7002332744264
16,593.4859461116662
17,587.2216785345221
18,580.9208340624315
19,574.5967538730836
