iter,Fx,Fy,Fz
0,8.967139992344239e-08,5.084044487160301e-09,-2.9646631594971995e-09
