iter,T
0,1586.5892384998422
1,1585.8772011456372
2,1585.1646569470686
3,1584.4525281718848
4,1583.7416017803464
5,1583.0327363497624
6,1582.3268519670173
7,1581.6249526839613
8,1580.9280138368624
9,1580.236870886108
10,1579.552306841069
11,1578.8750964994451
12,1578.2060636977947
13,1577.545960815238
14,1576.8954579477386
15,1576.2553023244066
16,1575.6262950076348
17,1575.0092356800906
18,1574.4049805007007
19,1573.8143656373381
