iter,T
0,1412.5319758848132
1,1413.7249085806802
2,1414.9431813859553
3,1416.186329111576
4,1417.4538624883778
5,1418.7452278965848
6,1420.0599384648747
7,1421.397389640482
8,1422.756745016643
9,1424.137120844942
10,1425.5373858294874
11,1426.9563590227108
12,1428.3929314003135
13,1429.8458265141476
14,1431.313892235733
15,1432.796061840954
16,1434.2910448774212
17,1435.7974961164132
18,1437.313992392176
19,1438.838930656054
