iter,T
0,1412.5319758848132
1,1413.7249085806804
2,1414.9431813859555
3,1416.1863291115765
4,1417.453862488378
5,1418.745227896585
6,1420.059938464875
7,1421.3973896404823
8,1422.7567450166432
9,1424.1371208449423
10,1425.5373858294874
11,1426.9563590227112
12,1428.392931400314
13,1429.8458265141483
14,1431.3138922357334
15,1432.7960618409547
16,1434.2910448774217
17,1435.7974961164136
18,1437.3139923921767
19,1438.8389306560543
